Student ID,Name,Email,Password
101,Alice Smith,alice.smith@orion.edu,Xy7!bR9q
102,Bob Johnson,bob.johnson@orion.edu,Zt4@Lp2x
103,Charlie Lee,charlie.lee@orion.edu,Qm8%Np5w
104,David Brown,david.brown@orion.edu,Tr3#Xy7k
105,Emma Wilson,emma.wilson@orion.edu,Vc9$Rq6p
106,Frank Miller,frank.miller@orion.edu,Wb5^Zm8r
107,Grace Davis,grace.davis@orion.edu,Yn2&Qk7t
108,Henry White,henry.white@orion.edu,Ps6*Xy3v
109,Ivy Green,ivy.green@orion.edu,Lm7!Wz4q
110,Jack Adams,jack.adams@orion.edu,Rq2%Yt9x
111,Kelly Carter,kelly.carter@orion.edu,Nm4#Qw5p
112,Liam Scott,liam.scott@orion.edu,Xy6!Bp3r
113,Mia Cooper,mia.cooper@orion.edu,Zq9@Rt7x
114,Noah Walker,noah.walker@orion.edu,Tp2%Ym8w
115,Olivia Hall,olivia.hall@orion.edu,Wz5#Xn4p
116,Peter Evans,peter.evans@orion.edu,Qm7^Lp6r
117,Quinn Hughes,quinn.hughes@orion.edu,Rp3@Xy2w
118,Ryan Carter,ryan.carter@orion.edu,Nm9$Wq5x
119,Sophia King,sophia.king@orion.edu,Zt4^Yp7r
120,Thomas Young,thomas.young@orion.edu,Lm2@Xq9w
121,Uriel Baker,uriel.baker@orion.edu,Xy5#Rm3p
122,Vanessa Reed,vanessa.reed@orion.edu,Qw7@Tp9x
123,William Wright,william.wright@orion.edu,Zm4%Ln2r
124,Xavier Harris,xavier.harris@orion.edu,Rp6^Wq3w
125,Yasmin Foster,yasmin.foster@orion.edu,Tp5@Nm9x
126,Zachary Allen,zachary.allen@orion.edu,Xq2#Lp7r
127,Anna Simmons,anna.simmons@orion.edu,Wm9%Rp4p
128,Benjamin Torres,benjamin.torres@orion.edu,Tp7@Xy3w
129,Chloe Hernandez,chloe.hernandez@orion.edu,Qw4^Ln6r
130,Daniel Richardson,daniel.richardson@orion.edu,Zm2#Rp9x
131,Ellie Patterson,ellie.patterson@orion.edu,Lp7%Wq5w
132,Finn Morgan,finn.morgan@orion.edu,Tp4@Nm3r
133,Gabriella Powell,gabriella.powell@orion.edu,Xy6#Rp9x
134,Harrison Bell,harrison.bell@orion.edu,Qw2@Lp7r
135,Isabella Bennett,isabella.bennett@orion.edu,Zm5%Tp4w
136,James Russell,james.russell@orion.edu,Xq9@Wm2r
137,Kayla Brooks,kayla.brooks@orion.edu,Rp7^Tp3x
138,Lucas Mitchell,lucas.mitchell@orion.edu,Nm5@Qw9r
139,Madeline Howard,madeline.howard@orion.edu,Tp2#Lp6x
140,Nathan Torres,nathan.torres@orion.edu,Wq9%Rp7w
141,Olivia Campbell,olivia.campbell@orion.edu,Xy4@Nm3r
142,Patrick Sanders,patrick.sanders@orion.edu,Tp6#Qw9x
143,Rebecca Perry,rebecca.perry@orion.edu,Lp2%Wm7w
144,Samuel Rogers,samuel.rogers@orion.edu,Zm5@Rp4x
145,Taylor Gray,taylor.gray@orion.edu,Xq9#Tp7r
146,Uma Bennett,uma.bennett@orion.edu,Qw2@Nm6x
147,Victor Jenkins,victor.jenkins@orion.edu,Rp4%Tp9w
148,Willow Fisher,willow.fisher@orion.edu,Nm7@Lp2r
149,Xavier Coleman,xavier.coleman@orion.edu,Tp9#Wq5x
150,Zoe Reynolds,zoe.reynolds@orion.edu,Lm2%Rp7w
